LISTING_ID,FREE_FLOAT_FACTOR,TRADE_DAYS_6M,DWH_INSTRUMENT_ID,DWH_LISTING_ID,IN_EXCLUSION_LIST,AVG_MCAP_20D,XETRA_TRADING_TYPE,IS_SIBLING_BY_ISSUER_IN_BLUE,COMPLIANCE_CHECK,COMPLIANCE_CHECK_GF_RULE_FLAG,ANN_REP_BREACH_4M,ANN_REP_RECD,SEMI_ANN_REP_BREACH_3M,SEMI_ANN_REP_RECD,QTLY_REP_BREACH_75D,QTLY_REP_RECD,COUNTRY_ID,IS_EUEFTA_COUNTRY,IS_HEADQUATER_IN_GERMANY,IN_RANKING_LIST_COMPOSITION,SUM_TURNOVER_12M,AVG_TURNOVER_3M,IN_COMPOSITION_DAX30,IN_COMPOSITION_MDAX,SUM_TURNOVER_12M_XETRA,SUM_TURNOVER_3M,SUM_TURNOVER_3M_XETRA,TRADE_DAYS_3M,ISSUER
2574273,0.5232,129,1575420,2574273,0,448617274.9,30,0,1,,,1,,1,,1,DE,1,1,1,1558482833,2866804.25,0,0,1531067155,189209080.5,183710866.5,66,10219
8609719,0.9157,129,4508337,8609719,0,29778729855,30,0,1,,,1,,1,,1,DE,1,1,1,23348943401,76850023.59,1,0,23304697491,5072101557,5064351283,66,10287
1619677,0.3851,129,351628,1619677,0,30886857.11,30,0,1,,,1,,1,,1,DE,1,1,0,4968008.71,21538.08485,0,0,4793764.38,1421513.6,1367182.25,66,103252
1090951,0.3178,129,351828,1090951,0,6605594.763,30,0,0,,,1,0,0,1,0,DE,1,1,0,578789.08,2483.729394,0,0,439387.2,163926.14,139246.46,66,103365
88589,0.031,129,51427,88589,0,28549204.63,30,0,1,,,1,,1,,1,DE,1,1,0,15236263.04,57014.50303,0,0,14431999.73,3762957.2,3529365.16,66,10349
56898584,0.4699,129,299769,56898584,1,,93,0,0,,,1,,1,1,0,DE,1,1,0,163444.85,131.0130303,0,0,0,8646.86,0,66,10386
21733150,1,129,10723423,21733150,0,45879540.54,30,0,1,,,1,,1,,1,DE,1,1,0,9423415.55,32577.43227,0,0,8699730.77,2150110.53,1942862.61,66,10634
88969,0.6012,129,51560,88969,1,,93,0,0,,1,0,0,0,1,0,DE,1,1,0,5778.63,13.28984848,0,0,0,877.13,0,66,10638
85145434,0.5028,129,44097245,85145434,0,18994335.03,30,0,0,,,1,,1,1,0,DE,1,1,0,2825060.99,5018.020455,0,0,2678585.61,331189.35,276456.85,66,10932
1804806,0.5037,129,1104791,1804806,0,65973705.42,30,0,1,,,1,,1,,1,DE,1,1,0,30117984.14,100495.4029,0,0,29587679.12,6632696.59,6482545.67,66,109862
4298111,0.9923,129,2253506,4298111,0,3961723699,30,0,1,,,1,,1,,1,DE,1,1,1,3673312442,13617193,0,1,3652514772,898734738.3,891920794.7,66,11143
81713596,0.4711,129,42079246,81713596,0,3985212.423,30,0,1,,,1,,1,,1,DE,1,1,0,1059844.5,1745.700909,0,0,1005068.48,115216.26,109941.99,66,11147
89715,0.4395,129,51870,89715,1,,93,0,0,,1,0,0,0,1,0,DE,1,1,0,8758.43,47.96893939,0,0,0,3165.95,0,66,11193
21192997,0.3439,129,10292160,21192997,0,11100670.28,30,0,1,,,1,,1,,1,DE,1,1,0,1671135.8,3832.106061,0,0,1526896.35,252919,220630.5,66,11295
50105862,0.5871,129,25003326,50105862,0,148407821.1,30,0,1,,,1,,1,,1,DE,1,1,0,57295990.36,125121.4305,0,0,56297553.21,8258014.41,8096051.51,66,11364
89967,0.4107,129,51919,89967,0,1300934396,30,0,1,,,1,,1,,1,DE,1,1,1,1804909604,6342497.977,0,0,1801748929,418604866.5,417879543.4,66,11390
90002,0.9424,129,51931,90002,0,589053003.7,30,0,1,,,1,,1,,1,DE,1,1,1,128202147.7,543565.9485,0,0,127369087.3,35875352.6,35601368.4,66,11434
91083,0.422,129,52325,91083,0,82230820.76,30,0,0,,,1,,1,,1,DE,1,1,0,10047106.1,37474.78333,0,0,9920564.4,2473335.7,2427023.8,66,11454
21622755,0.4571,129,10830608,21622755,0,164887353.1,30,0,1,,,1,,1,,1,DE,1,1,0,254076498.1,647205.1342,0,0,252700567.6,42715538.86,42277046.79,66,11467
28266331,0.1841,129,14158381,28266331,0,1364075557,30,0,1,,,1,,1,,1,DE,1,1,1,264718308.8,711257.5667,0,1,264191424.2,46942999.4,46880428.6,66,11473
21496957,0.5902,129,10708277,21496957,0,1072652504,30,0,1,,,1,,1,,1,DE,1,1,1,1552901692,3905660.044,0,1,1544940620,257773562.9,255955136.4,66,11485
90436,0.3978,129,52119,90436,0,175381844.8,30,0,1,,,1,,1,,1,DE,1,1,1,80645150.49,366772.3656,0,0,80027874.49,24206976.13,24149225.33,66,11505
90444,0.3472,129,52120,90444,0,360512481.6,30,0,1,,,1,,1,,1,DE,1,1,1,158516994.1,319380.7715,0,0,157326585.9,21079130.92,20889458.92,66,11515
90452,0.5,129,52121,90452,0,890508539.9,30,0,1,,,1,,1,,1,DE,1,1,1,211455578.4,1050988.338,0,0,210029018.5,69365230.3,68886530.8,66,11529
90468,0.4967,129,52123,90468,0,28286065.34,30,0,1,,,1,,1,,1,DE,1,1,0,3046502.06,10774.81909,0,0,2950477.78,711138.06,706536.66,66,11533
8091883,0.5669,129,347719,8091883,0,1402585038,30,0,1,,,1,,1,,1,DE,1,1,1,803591110.7,1949276.786,0,1,802758228.9,128652267.9,128522544.6,66,118842
1694849,0.3902,129,967365,1694849,0,575020006.6,30,0,1,,,1,,1,,1,DE,1,1,1,156994231.8,639411.9611,0,0,155877535.5,42201189.43,41848235.71,66,119353
87802844,0.0941,129,44246814,87802844,0,337583.75,30,0,0,,,1,,1,1,0,CH,1,0,0,44827.56,29.88969697,0,0,43817.62,1972.72,1299.72,66,119359
6476770,0.4762,129,3443880,6476770,0,,93,0,0,,,1,,1,1,0,DE,1,1,0,8907.12,51.33772727,0,0,0,3388.29,0,66,11948
91158,0.7468,129,52347,91158,0,65522213.24,30,0,1,,,1,,1,,1,DE,1,1,0,10965879.18,23026.90152,0,0,10637568.77,1519775.5,1446389.14,66,11970
1580675,1,129,348780,1580675,0,405668939.3,30,0,1,,,1,,1,,1,DE,1,1,1,290084037.2,673113.8311,0,0,285790309.6,44425512.85,43643804.4,66,119813
1853015,0.5526,129,301415,1853015,0,17187853.89,30,0,1,,,1,,1,,1,DE,1,1,0,5094711.41,9794.621515,0,0,4929046.99,646445.02,623096.28,66,12058
8168274,1,129,4283309,8168274,0,41152397955,30,0,1,,,1,,1,,1,DE,1,1,1,31820868549,107457933.1,1,0,31651981629,7092223582,7057374346,66,12100
1559327,0.4101,129,1007976,1559327,0,329911480.2,30,0,1,,,1,,1,,1,DE,1,1,1,180767261.2,714316.7915,0,0,180285048,47144908.24,47032910.91,66,121234
91322,0.265,129,52397,91322,0,15749127.07,30,0,1,,,1,0,0,,1,DE,1,1,0,14474707.13,37565.19273,0,0,13664925.21,2479302.72,2286180.82,66,12261
333790,0.7992,129,146414,333790,0,100277040.8,30,0,1,,,1,,1,,1,DE,1,1,0,25080142.21,111870.4326,0,0,24623756.59,7383448.55,7286377.45,66,12270
91332,0.6498,129,52401,91332,0,3517442861,30,0,1,,,1,,1,,1,DE,1,1,1,1944929607,6172508.49,0,1,1938359539,407385560.3,406081854.8,66,12285
8176115,0.6274,129,2183496,8176115,1,,93,0,0,,1,0,1,0,1,0,DE,1,1,0,17097.05,43.0719697,0,0,0,2842.75,0,66,12305
91398,0.7218,129,52415,91398,0,64193941.68,30,0,1,,,1,,1,,1,DE,1,1,0,96917290.72,132843.8465,0,0,93570817.28,8767693.87,8510974.36,66,12407
89781179,0.4578,129,46152015,89781179,1,,93,0,1,,1,0,0,0,1,0,DE,1,1,0,155882.96,130.2139394,0,0,68189.04,8594.12,0,66,12492
91423,0.1691,129,52431,91423,0,47136520.86,30,0,1,,,1,,1,,1,DE,1,1,0,3061096.4,12987.69394,0,0,3012781.8,857187.8,844662.3,66,12525
91431,0.6065,129,52432,91431,0,36915132.44,30,0,1,,,1,,1,,1,DE,1,1,0,3298938.96,11941.13939,0,0,3139912.82,788115.2,749702.6,66,12536
1815196,0.5644,129,1111972,1815196,1,,93,0,0,,1,0,0,0,1,0,DE,1,1,0,2272.45,4.881969697,0,0,0,322.21,0,66,125953
1024017,0.828,129,640768,1024017,1,,93,0,0,,1,0,0,0,1,0,DE,1,1,0,0,0,0,0,0,0,0,66,12598
91489,0.5116,129,52444,91489,0,29520744209,30,0,1,,,1,,1,,1,DE,1,1,1,26748633333,98566552.37,1,0,26679348219,6505392456,6489565895,66,12642
91508,0.996,129,52446,91508,0,5402811031,30,1,1,,,1,,1,,1,DE,1,1,0,1818544716,7037392.669,0,0,1808616482,464467916.2,462155428.9,66,12642
91530,0.6582,129,52450,91530,0,38977497.19,30,1,1,,,1,,1,,1,DE,1,1,0,3491390,6292.309091,0,0,2457542.3,415292.4,315222.5,66,12675
91533,0.3702,129,52452,91533,0,415367658.6,30,0,1,,,1,,1,,1,DE,1,1,1,164731123.7,536504.5265,0,0,162132436,35409298.75,34750777.15,66,12675
91552,0.1868,129,52457,91552,0,17441288.51,30,0,1,,,1,,1,,1,DE,1,1,0,1408943.4,3133.945455,0,0,1387674.4,206840.4,197406.4,66,12724
91560,0.3882,129,52458,91560,0,11761423792,30,0,1,,,1,,1,,1,DE,1,1,1,6977890037,23430474.11,1,0,6972705641,1546411291,1544882310,66,12725
35104622,0.8734,129,302184,35104622,0,50531569.16,30,0,1,,,1,,1,,1,DE,1,1,0,8442565.6,25373.36818,0,0,8134284.3,1674642.3,1622841,66,12737
37870385,0.5117,129,302232,37870385,0,52073305.25,30,0,1,,,1,,1,,1,DE,1,1,0,9207789.06,21450.21985,0,0,8898496.93,1415714.51,1322318.91,66,12757
9452204,0.7516,129,490170,9452204,0,,93,0,0,,,1,,1,,1,SE,1,0,0,0,0,0,0,0,0,0,66,128113
91682,0.0443,129,52480,91682,0,1022871071,30,0,1,,,1,,1,,1,DE,1,1,0,6185645.2,13740.14242,0,0,5434595.6,906849.4,713556.2,66,12990
91690,0.8542,129,52481,91690,0,831676706.3,30,0,1,,,1,,1,,1,DE,1,1,0,59344187.35,193201.9152,0,0,58946122.1,12751326.4,12668832.7,66,12999
91766,0.0286,129,52502,91766,0,23915894.29,30,0,1,,,1,,1,,1,DE,1,1,0,2613567.3,5843.021212,0,0,2518501.3,385639.4,354820.2,66,13054
91772,0.5785,129,52503,91772,0,359582358.5,30,0,1,,,1,,1,,1,DE,1,1,0,16867895,20768.34242,0,0,16527120.7,1370710.6,1318312.6,66,13054
104473530,0.7345,129,55052573,104473530,0,2087764.654,30,0,1,,,1,,1,,1,DE,1,1,0,1357295.06,4016.78197,0,0,1198898.98,265107.61,251378.64,66,13058
2247554,0.4473,129,534505,2247554,0,35582188.1,30,0,1,,,1,,1,,1,DE,1,1,0,4715993.84,12890.00227,0,0,4584557.84,850740.15,828478.15,66,130907
91790,0.3181,129,52509,91790,0,18073367.93,30,0,1,,,1,,1,1,0,DE,1,1,0,1580038.2,4675.840909,0,0,1259329.9,308605.5,234880.2,66,13134
91797,0.4465,129,52510,91797,0,141483751.3,30,0,1,,,1,0,0,,1,DE,1,1,0,74317433.3,382498.4758,0,0,72453578,25244899.4,24582012.9,66,13175
91866,0.5571,129,52563,91866,0,257940812.4,30,0,1,,,1,,1,,1,DE,1,1,0,43215252.05,124853.4288,0,0,42550887.8,8240326.3,8168515.6,66,13199
46847015,0.4368,129,23517137,46847015,1,,93,0,0,,1,0,0,0,1,0,DE,1,1,0,53394.86,232.6178788,0,0,0,15352.78,0,66,13220
73193255,0.3089,129,36170081,73193255,0,100503067.6,30,0,1,,,1,,1,1,0,DE,1,1,0,22774037.95,70701.01288,0,0,22146571.6,4666266.85,4419966.6,66,13227
15644080,0.8258,129,7941838,15644080,0,4059673178,30,0,1,,,1,,1,,1,DE,1,1,1,5001112398,14376762.68,0,1,4994407764,948866336.7,947626549.4,66,13304
42756302,0.7375,129,21390259,42756302,0,690039243.5,30,0,1,,,1,,1,,1,DE,1,1,1,1402435589,4215113.074,0,0,1395996439,278197462.9,277870758.6,66,13341
73803760,0.0819,129,37502405,73803760,0,2086868.324,30,0,0,,,1,,1,1,0,DE,1,1,0,186360,893.7878788,0,0,145607,58990,58990,66,13345
28021945,0.6484,129,13847181,28021945,0,10010560.78,30,0,1,,,1,,1,,1,DE,1,1,0,8352003.34,85785.00909,0,0,7971531.68,5661810.6,5369681.4,66,13347
9172519,0.2848,129,4770114,9172519,0,,93,0,0,,,1,,1,1,0,DE,1,1,0,99754.44,796.2151515,0,0,0,52550.2,0,66,13348
26156365,0.869,129,13033852,26156365,0,256634575.5,30,0,1,,,1,0,0,,1,DE,1,1,0,102596402.3,362940.8386,0,0,100640907.4,23954095.35,23706134.48,66,13351
107379449,0.9202,129,56740338,107379449,0,35003420.69,30,0,1,,,1,0,0,,1,DE,1,1,0,7124063.59,24487.10348,0,0,6685139.44,1616148.83,1566385.54,66,135413
3816082,0.5847,129,658965,3816082,0,1555427230,30,0,1,,,1,,1,,1,DE,1,1,1,2921917116,16803048.7,0,1,2896472886,1109001214,1101799206,66,137847
1101496,0.461,129,678020,1101496,0,12634668.24,30,0,1,,,1,0,0,,1,DE,1,1,0,6588385.86,13847.90545,0,0,6397510.14,913961.76,870880.08,66,139133
93507,0.4887,129,53088,93507,0,549160297.3,30,0,1,,,1,,1,,1,DE,1,1,1,258706771.4,571939.4894,0,0,255835332.4,37748006.3,37361304.1,66,13919
93515,0.4086,129,53089,93515,0,3375302705,30,0,1,,,1,,1,,1,DE,1,1,1,3080795230,10249892.38,0,1,3070119112,676492896.9,674546309.4,66,13921
32022120,0.0793,129,707434,32022120,0,,93,0,1,,,1,,1,,1,DE,1,1,0,1192959.3,1471.251515,0,0,0,97102.6,0,66,140905
41764657,0.223,129,723611,41764657,0,,93,0,0,,,1,0,0,,1,PL,1,0,0,128111.9,155.3333333,0,0,0,10252,0,66,141642
42185620,0.1171,129,21213227,42185620,0,,93,0,1,,,1,,1,1,0,DE,1,1,0,14148,86.07575758,0,0,0,5681,0,66,142845
6030966,1,129,3248640,6030966,0,2564818892,30,0,1,,,1,,1,,1,DE,1,1,1,1876936307,5969164.099,0,1,1867151575,393964830.6,392521483.6,66,144279
1217833,0.9985,129,778153,1217833,0,11167776777,30,0,1,,,1,,1,,1,DE,1,1,1,7687554149,30421373.91,1,0,7675277227,2007810678,2003766609,66,144634
1619102,0.3138,129,813082,1619102,0,135030993.1,30,0,1,,,1,,1,,1,DE,1,1,0,88170583.7,214087.4227,0,0,87599307.5,14129769.9,14051732.4,66,146565
1306094,0.6452,129,839319,1306094,1,,93,0,0,,1,0,0,0,1,0,CH,1,0,0,44574.6,475.5722727,0,0,0,31387.77,0,66,147991
93965,0.6908,129,53268,93965,0,465021056.5,30,0,1,,,1,,1,,1,DE,1,1,1,94278686.9,361639.3894,0,0,93855050.8,23868199.7,23781559.1,66,14850
93979,0.7499,129,53270,93979,0,83463113.41,30,0,1,,,1,,1,,1,DE,1,1,0,9082371.45,31598.03788,0,0,8781738.35,2085470.5,1949456.55,66,14870
94159,0.8694,129,53328,94159,0,824808043.9,30,0,1,,,1,,1,,1,DE,1,1,1,650751398.8,2559778.109,0,0,649540512.9,168945355.2,168772454.7,66,15019
77800181,0.4717,129,39874444,77800181,0,1085197107,30,0,1,,,1,,1,,1,DE,1,1,1,655260309.6,2025007.094,0,0,653365060.4,133650468.2,133370805.1,66,15240
94363,0.54,129,53406,94363,0,7389156483,30,0,1,,,1,,1,,1,DE,1,1,1,7090221837,21931901.23,1,0,7079285097,1447505481,1445446800,66,15253
1581268,0.3309,129,991723,1581268,0,2332951589,30,0,1,,,1,,1,,1,DE,1,1,1,4506096192,15646129.09,0,1,4495589493,1032644520,1029560915,66,152783
94504,0.6116,129,53453,94504,0,3509255491,30,0,1,,,1,,1,,1,DE,1,1,1,1861621372,9552821.379,0,1,1859912587,630486211,629678250.6,66,15547
1124106,0.9468,129,308274,1124106,0,2323632771,30,0,1,,,1,,1,,1,DE,1,1,1,2865387647,12627830.14,0,1,2857358909,833436789.4,828649818.5,66,15548
1642545,0.0516,129,1012030,1642545,0,24967952.46,30,0,0,,,1,0,0,,1,DE,1,1,0,753385.84,2061.258182,0,0,649050.86,136043.04,122305.08,66,156183
1623124,0.5862,129,1035001,1623124,1,,93,0,0,,1,0,0,0,1,0,GB,0,1,0,51539.53,287.9362121,0,0,0,19003.79,0,66,157286
69052977,0.7336,129,34976257,69052977,0,41708875.19,30,0,1,,,1,,1,,1,DE,1,1,0,4978921.91,34546.75,0,0,4920011.86,2280085.5,2266979.6,66,15786
40292186,0.2063,129,20137315,40292186,0,5444049.871,30,0,1,,,1,0,0,1,0,DE,1,1,0,920043.19,4535.901364,0,0,833725.8,299369.49,284310.3,66,15814
1635456,0.1056,129,1047152,1635456,0,833158628,30,0,0,,,1,,1,,1,LU,1,0,0,164497.14,185.3518182,0,0,158543.96,12233.22,11304.72,66,158272
1728774,0.3155,129,1074707,1728774,1,,93,0,0,,1,0,0,0,1,0,DE,1,1,0,1793.43,1.734393939,0,0,0,114.47,0,66,158376
94710,0.6426,129,53564,94710,0,8579299.97,30,0,1,,,1,,1,,1,DE,1,1,0,1108179.78,3779.704848,0,0,1030125.38,249460.52,229616.52,66,15887
389284,0.1198,129,168425,389284,0,,93,0,1,,,1,,1,1,0,DE,1,1,0,43777.1,660.1757576,0,0,0,43571.6,0,66,15987
1680550,0.5847,129,1084850,1680550,0,449387848.6,30,0,1,,,1,,1,,1,DE,1,1,1,594962630,757655.6144,0,0,592965854.2,50005270.55,49413198.13,66,160925
5383933,0.0715,129,2890057,5383933,0,12221698.53,30,0,1,,,1,0,0,,1,DE,1,1,0,2668815.55,7947.730455,0,0,2550645.31,524550.21,505943.9,66,161073
1827410,0.2918,129,1176081,1827410,0,788485576.5,30,0,1,,,1,,1,,1,DE,1,1,1,1614673985,3884201.12,0,0,1607037898,256357273.9,254900837.9,66,162002
94764,0.4202,129,53572,94764,0,36791990.31,30,0,1,,,1,,1,,1,DE,1,1,0,12648627.27,46191.59712,0,0,11968218.14,3048645.41,2926670.73,66,16209
94772,0.6722,129,53573,94772,0,327019260.2,30,0,1,,,1,,1,,1,DE,1,1,1,223756045.7,818272.7064,0,0,217998873.7,54005998.62,53323897.92,66,16224
2894057,0.6471,129,308966,2894057,0,730473674.4,30,0,1,,,1,,1,,1,DE,1,1,1,672300557,2409065.917,0,0,666882435,158998350.5,158162150,66,16250
5845179,0.519,129,3120894,5845179,0,368524577.8,30,0,1,,,1,,1,,1,DE,1,1,1,162762932.6,459817.5742,0,0,160995991.1,30347959.9,30035889.5,66,16282
2205059,0.206,129,1129260,2205059,0,8261664.794,30,0,0,,,1,,1,1,0,DE,1,1,0,2046521,7864.113636,0,0,1994999.98,519031.5,493006.77,66,162992
35920049,0.0367,129,17444848,35920049,0,1200218166,30,0,0,,,1,,1,,1,DE,1,1,0,1298180948,2511852.862,0,0,1279733195,165782288.9,163483062.6,66,163169
2243688,0.169,129,1156602,2243688,0,9053538.385,30,0,1,,,1,,1,,1,DE,1,1,0,2333054.75,4133.940758,0,0,2194096.7,272840.09,246657.44,66,164131
94860,0.3081,129,53585,94860,0,56729332.23,30,0,1,,,1,,1,,1,DE,1,1,0,8050075,31985.33333,0,0,7996646.5,2111032,2095958.5,66,16433
1809556,0.2598,129,1171479,1809556,0,196006319.2,30,0,1,,,1,,1,,1,DE,1,1,0,216717472,597617.6638,0,0,214707856.6,39442765.81,38744671.75,66,164770
2958928,0.2634,129,1619343,2958928,0,14861028,30,0,0,,,1,,1,0,0,DE,1,1,0,469301.2,837.3787879,0,0,450763,55267,55267,66,165126
61355410,0.2495,129,30575732,61355410,0,27124486.2,30,0,1,,,1,0,0,,1,DE,1,1,0,9362505.14,22075.18909,0,0,9320487.58,1456962.48,1448424.48,66,165496
1956698,0.6665,129,1234802,1956698,0,35643213.91,30,0,1,,,1,,1,,1,DE,1,1,0,6763238.73,13044.0797,0,0,6601629.99,860909.26,843690.74,66,166073
19926209,0.44,129,7978392,19926209,0,3645566697,30,0,1,,,1,,1,,1,DE,1,1,1,4008430114,14397994.41,0,1,3995650923,950267630.8,947188439.3,66,166266
67890997,0.498,129,34667259,67890997,0,271621123.8,30,0,1,,,1,,1,,1,DE,1,1,1,79097112.1,288123.4045,0,0,78814255.1,19016144.7,18956110.5,66,166394
20826009,0.6834,129,10397078,20826009,0,396463442.4,30,0,1,,,1,,1,,1,DE,1,1,1,72772054.65,198732.3909,0,0,72102220,13116337.8,13020628.45,66,16682
1981051,0.8997,129,1247219,1981051,0,11588921432,30,0,1,,,1,,1,,1,DE,1,1,1,8554121154,29451322.25,1,0,8545697702,1943787269,1942554685,66,167552
2251205,0.048,129,1335161,2251205,0,42071016.11,30,0,1,,,1,,1,,1,DE,1,1,0,15302921.79,26437.50303,0,0,15090736.38,1744875.2,1714884.71,66,167837
808925,0.449,129,478673,808925,0,4790588.605,30,0,0,,,1,,1,,1,DE,1,1,0,562327.32,3083.769091,0,0,532595.19,203528.76,198466.56,66,16831
95663,0.2142,129,54102,95663,0,473357850.1,30,0,1,,,1,,1,,1,DE,1,1,1,288215021.2,1035843.733,0,0,286505777.5,68365686.4,67947167.4,66,17215
95705,1,129,54111,95705,0,390644625,30,0,1,,,1,,1,,1,DE,1,1,1,146502882.8,500949.1788,0,0,145599466.5,33062645.8,32892944.05,66,17236
7971860,0.2838,129,310376,7971860,0,111614911.5,30,1,1,,,1,,1,,1,DE,1,1,0,23212323.55,131718.2848,0,0,22608558.65,8693406.8,8586909.8,66,17236
95732,0.7497,129,54116,95732,0,40206511974,30,0,1,,,1,,1,,1,DE,1,1,1,24684393225,84942827.28,1,0,24624505687,5606226601,5594815547,66,17248
95827,0.6925,129,54145,95827,0,65938183904,30,0,1,,,1,,1,,1,DE,1,1,1,36730602914,143760894.4,1,0,36630027472,9488219028,9463392879,66,17307
95852,0.5,129,54148,95852,0,12616959.36,30,0,1,,,1,,1,,1,DE,1,1,0,3880083.05,9517.624848,0,0,3732229.89,628163.24,616979.24,66,17359
2417338,0.9029,129,1446169,2417338,0,3577462533,30,0,1,,,1,,1,,1,DE,1,1,1,2386510011,11122582.16,0,1,2382094609,734090422.5,732049119.8,66,174105
96034,0.7029,129,54207,96034,0,1342757637,30,0,1,,,1,,1,,1,DE,1,1,1,899944770.3,2847587.359,0,1,898434303.2,187940765.7,187564972.2,66,17417
96474,0.2756,129,54440,96474,0,12908978.73,30,0,1,,,1,,1,1,0,DE,1,1,0,652447.3,2214.89697,0,0,644203.3,146183.2,143893.2,66,17502
55608400,0.422,129,15284135,55608400,0,49867849.13,30,0,1,,,1,,1,,1,DE,1,1,0,3993202.31,8613.956061,0,0,3970281.61,568521.1,562633.84,66,177042
2505516,0.4087,129,1519120,2505516,1,,93,0,0,,1,0,0,0,1,0,DE,1,1,0,111995.25,195.1034848,0,0,0,12876.83,0,66,177975
78531418,1,129,40651548,78531418,0,533337747.5,30,0,1,,,1,,1,,1,DE,1,1,1,289734635.1,1038838.086,0,0,287985448,68563313.68,68330141.47,66,178050
2977589,0.1507,129,1568560,2977589,0,,93,0,1,,,1,0,0,1,0,DE,1,1,0,735088.37,3574.691212,0,0,0,235929.62,0,66,180008
101580,1,129,56412,101580,0,246341191.8,30,0,1,,,1,,1,,1,DE,1,1,0,71493470.2,250434.5,0,0,69388205.6,16528677,16274493,66,18059
5744899,0.6001,129,3120722,5744899,0,755615923.5,30,0,1,,,1,,1,,1,AT,1,0,1,359161131.1,1281588.516,0,0,355043290.3,84584842.08,83617305.31,66,18110
101637,0.1202,129,56432,101637,0,,93,0,1,,,1,,1,0,0,DE,1,1,0,396777.1,2482.783333,0,0,0,163863.7,0,66,18113
101679,0.6717,129,56450,101679,0,465687390,30,0,1,,,1,,1,,1,DE,1,1,1,662201593.6,1910408.427,0,0,658151585.2,126086956.2,125385168.4,66,18151
102012,0.8342,129,56728,102012,0,3156008750,30,0,1,,,1,,1,,1,DE,1,1,1,2140563829,9349160.338,0,1,2129449659,617044582.3,613951585.9,66,18428
102101,0.3838,129,56803,102101,0,465918731.5,30,0,1,,,1,,1,,1,DE,1,1,1,440562157.8,2166865.732,0,0,438022678.2,143013138.3,142617377.8,66,18577
5983225,1,129,3109075,5983225,0,50264099468,30,0,1,,,1,,1,,1,DE,1,1,1,32127981436,99309907.84,1,0,32042772070,6554453917,6532020819,66,19079
88957863,0.297,129,46308822,88957863,0,,93,0,0,,,1,,1,,1,DE,1,1,0,4970732.44,60344.50197,0,0,496138.98,3982737.13,0,66,19120
349084,0.2452,129,152459,349084,0,6212810.13,30,0,1,,,1,,1,0,0,DE,1,1,0,2081465.21,4239.03803,0,0,1996695.08,279776.51,227722.91,66,19151
386673,0.5584,129,167096,386673,0,160803737.8,30,0,1,,,1,,1,,1,DE,1,1,0,25418647.04,70242.55758,0,0,24953047.08,4636008.8,4541752.4,66,19272
58604507,0.6299,129,29419390,58604507,0,284553121.6,30,0,1,,,1,,1,,1,DE,1,1,0,121745152.8,531036.2098,0,0,120263086.2,35048389.85,34633368.9,66,195255
105752,0.2709,129,58205,105752,0,1023412373,30,0,1,,,1,,1,,1,DE,1,1,1,438349334.6,1489490.829,0,0,436443428.3,98306394.7,98029141.8,66,19562
374435,0.3924,129,58214,374435,0,1773430447,30,0,1,,,1,,1,,1,DE,1,1,1,1861411745,6349868.73,0,1,1849224398,419091336.2,414033954.5,66,19584
105888,0.635,129,58252,105888,0,57367059.16,30,0,1,,,1,,1,,1,DE,1,1,0,7487553.3,28737.40455,0,0,7313121.5,1896668.7,1850350.9,66,19602
105902,0.8322,129,58258,105902,0,10301740.65,30,0,0,,,1,,1,1,0,DE,1,1,0,249953.62,800.4439394,0,0,186452.24,52829.3,30150.22,66,19625
106183,0.736,129,58427,106183,0,12141138418,30,0,1,,,1,,1,,1,DE,1,1,1,8892522772,29832135.44,1,0,8868166925,1968920939,1963171710,66,19910
106201,0.6783,129,58429,106201,0,9062342420,30,0,1,,,1,,1,,1,DE,1,1,1,5956276190,19265453.42,0,1,5945295170,1271519926,1269509105,66,19912
89683061,0.4166,129,46152016,89683061,0,870133061.2,30,1,1,,,1,,1,,1,DE,1,1,0,152773943.9,607887.0545,0,0,151292641.7,40120545.6,39844758.8,66,20080
89683062,0.9668,129,46152017,89683062,0,2512670193,30,0,1,,,1,,1,,1,DE,1,1,1,1018974677,2864990.655,0,1,1016868136,189089383.3,188496336.5,66,20080
107910,0.6414,129,59070,107910,0,424163273.8,30,0,1,,,1,,1,,1,DE,1,1,1,361549817.5,1208629.266,0,0,360053195.8,79769531.56,79331547.86,66,20311
38399221,0.2048,129,19198344,38399221,0,,93,0,1,,,1,0,0,1,0,DE,1,1,0,3886.86,3.935454545,0,0,0,259.74,0,66,20326
47932738,0.3485,129,23994452,47932738,1,,93,0,0,,1,0,0,0,1,0,DE,1,1,0,58437.77,71.41606061,0,0,0,4713.46,0,66,203522
337671,0.9735,129,147956,337671,0,30710538014,30,0,1,,,1,,1,,1,DE,1,1,1,15702402987,54134306.23,1,0,15684482845,3572864211,3568515451,66,20671
59988298,1,129,28533420,59988298,1,292966592.8,30,0,0,,,1,0,0,1,0,CN,0,0,0,26647411.98,102189.3644,0,0,26064709.74,6744498.05,6616140.2,66,20800
1561474,0.272,129,316877,1561474,0,16705689.24,30,0,1,,,1,,1,,1,DE,1,1,0,28266326.9,40868.9697,0,0,27573111.6,2697352,2669601.1,66,21086
2404988,0.4353,129,317022,2404988,0,6277956.841,30,0,0,,,1,,1,,1,DE,1,1,0,1094084.1,4199.135606,0,0,1083786.6,277142.95,274016.25,66,21223
33299124,0.5916,129,16336404,33299124,0,666105466.3,30,0,1,,,1,,1,,1,DE,1,1,1,287243752.3,776697.3917,0,0,284263333.1,51262027.85,50613779.9,66,21321
131646,0.9091,129,67715,131646,0,26215795915,30,0,1,,,1,,1,,1,DE,1,1,1,18024928429,59916080.86,1,0,17977508674,3954461337,3944790592,66,21408
9133747,0.7722,129,4164533,9133747,1,,93,0,1,,1,0,0,0,1,0,DE,1,1,0,260596.96,856.5077273,0,0,0,56529.51,0,66,214412
1176408,0.529,129,755329,1176408,0,1437317187,30,0,1,,,1,,1,,1,DE,1,1,1,2310250897,6657448.615,0,1,2295315310,439391608.6,436393568.5,66,21481
1059671,0.3414,129,317752,1059671,0,10426756.69,30,0,1,,,1,,1,,1,DE,1,1,0,732016.45,1865.509091,0,0,717884.95,123123.6,114033.6,66,21507
12453252,0.858,129,6213171,12453252,0,209205502,30,0,1,,,1,,1,,1,DE,1,1,0,26192692.9,106220.0818,0,0,25293802.7,7010525.4,6786407.1,66,21538
108611,0.1358,129,59458,108611,0,456292158.5,30,0,1,,,1,,1,,1,DE,1,1,0,28389537.6,155177.9485,0,0,27577875.4,10241744.6,9643089.3,66,21563
109280,0.1163,129,59788,109280,0,25136755.07,30,0,1,,,1,,1,,1,DE,1,1,0,5046458.34,13436.35455,0,0,4887680.14,886799.4,860860.6,66,21887
109925,0.5898,129,60162,109925,0,698618532.7,30,0,1,,,1,,1,,1,DE,1,1,1,544645840.8,1196951.095,0,0,539716262.6,78998772.26,78560088.04,66,22098
1653679,0.5685,129,318706,1653679,0,23643918.49,30,0,1,,,1,,1,,1,DE,1,1,0,6456642.05,26006.075,0,0,6309102.85,1716400.95,1710660.85,66,22426
348293,0.2967,129,152044,348293,0,217976076.8,30,0,1,,,1,,1,,1,DE,1,1,0,70353460.3,765977.3886,0,0,69145296.7,50554507.65,50229658.65,66,22519
101996949,0.25,129,54064172,101996949,0,11790357983,30,0,1,,,1,,1,,1,DE,1,1,1,9952943525,30148729.88,1,0,9901592969,1989816172,1982882395,66,227016
89393192,0.41,129,45756623,89393192,0,35329098.01,30,0,1,,,1,0,0,,1,DE,1,1,0,8234947.67,49622.95879,0,0,8074754.45,3275115.28,3236610.08,66,22704
6117902,0.387,129,3306295,6117902,0,25407900.23,30,0,0,,,1,,1,,1,DE,1,1,0,11429122.34,17821.165,0,0,10862253.08,1176196.89,1115044.23,66,22730
2913139,0.3075,129,1707091,2913139,0,242181917.4,30,0,1,,,1,,1,,1,DE,1,1,0,126371766.5,389304.3882,0,0,124970562.4,25694089.62,25199593.88,66,22782
84398488,0.878,129,43274177,84398488,0,466855441.9,30,0,1,,,1,,1,,1,DE,1,1,1,140320234.5,427908.6788,0,0,138890131.2,28241972.8,28054782.92,66,22850
115541,0.2183,129,61976,115541,0,71089609.92,30,0,0,,,1,,1,,1,DE,1,1,0,9232602.4,41350.17273,0,0,8922118.5,2729111.4,2611614.8,66,23213
115556,0.1816,129,61979,115556,0,13995403.69,30,0,0,,,1,0,0,1,0,DE,1,1,0,683671.72,7387.510455,0,0,563962.15,487575.69,445395.65,66,23223
115564,0.7075,129,61980,115564,0,10338062785,30,0,1,,,1,,1,,1,DE,1,1,1,7200360547,29942469.46,1,0,7189531587,1976202985,1972656096,66,23236
115596,0.3692,129,61986,115596,0,6119822057,30,1,1,,,1,,1,,1,DE,1,1,0,1497520215,4425226.615,0,0,1496308692,292064956.6,291605408.9,66,23245
115603,0.9139,129,61987,115603,0,11557696000,30,0,1,,,1,,1,,1,DE,1,1,1,8225915143,29443134.2,1,0,8218475416,1943246858,1941615208,66,23245
7265988,0.1113,129,3452738,7265988,0,26183518.46,30,0,0,,,1,0,0,,1,LU,1,1,0,8173005.1,14218.16136,0,0,7615960.5,938398.65,808385,66,232507
115611,1,129,61988,115611,0,,93,0,0,,,1,,1,,1,DE,1,1,0,4213046,13941.34848,0,0,0,920129,0,66,23266
21434870,0.1002,129,10625701,21434870,0,,93,0,0,,,1,,1,1,0,DE,1,1,0,1553.4,5.728787879,0,0,0,378.1,0,66,23267
115708,0.2874,129,62010,115708,0,2084493512,30,0,1,,,1,,1,,1,DE,1,1,1,1499315975,6413576.723,0,1,1491015946,423296063.8,420634339.1,66,23314
35399197,0.4986,129,321894,35399197,0,568975244.9,30,0,1,,,1,,1,,1,DE,1,1,1,260175851.4,706807.4674,0,0,259062563.1,46649292.85,46553050.45,66,23367
116388,0.7497,129,62226,116388,0,1685930497,30,0,1,,,1,,1,,1,DE,1,1,1,1659100097,3913644.156,0,1,1652113659,258300514.3,257419294.7,66,23407
116407,0.2705,129,62229,116407,0,,93,0,0,,,1,0,0,,1,DE,1,1,0,124660.22,361.6009091,0,0,0,23865.66,0,66,23411
7552218,0.9129,129,4042903,7552218,0,10077128987,30,0,1,,,1,,1,,1,DE,1,1,1,7666732142,31956647.05,1,0,7660349337,2109138705,2108149108,66,237554
121643,0.7665,129,64119,121643,0,474667890.1,30,0,1,,,1,,1,,1,DE,1,1,1,74750892.37,235036.2515,0,0,73812458.47,15512392.6,15109055.4,66,24350
121651,0.1317,129,64121,121651,0,38656877.14,30,0,1,,,1,,1,,1,DE,1,1,0,5957145.8,11030.22727,0,0,5831838.6,727995,697213.4,66,24359
121663,0.3847,129,64123,121663,0,639030873.8,30,0,1,,,1,,1,,1,DE,1,1,1,978143291.3,2533274.615,0,0,973976674,167196124.6,166414592.8,66,24368
121710,0.2883,129,64132,121710,0,33877084.06,30,0,1,,,1,,1,,1,DE,1,1,0,1832118.15,7194.666667,0,0,1736568.4,474848,444283,66,24401
121718,0.0652,129,64135,121718,0,,93,0,0,,,1,,1,1,0,DE,1,1,0,492963.3,1328.068182,0,0,0,87652.5,0,66,24416
121763,1,129,64147,121763,0,1464127145,30,0,1,,,1,,1,,1,DE,1,1,1,821351289.8,2119609.122,0,1,818235639.9,139894202.1,139394963.7,66,24501
44185286,0.4001,129,325526,44185286,0,171436397.6,30,0,1,,,1,,1,,1,DE,1,1,0,31066388.91,205989.3891,0,0,30630411.2,13595299.68,13487380.9,66,24534
121784,0.3779,129,64150,121784,0,3487051.785,30,0,1,,,1,0,0,1,0,DE,1,1,0,267849.27,1364.452727,0,0,160469.55,90053.88,59086.2,66,24536
73040026,0.6412,129,37119373,73040026,0,16666176.66,30,0,1,,,1,,1,,1,DE,1,1,0,1679656.68,4642.330152,0,0,1577599.56,306393.79,286560.29,66,24567
43501238,0.6227,129,7283842,43501238,0,236007826.4,30,0,1,,,1,,1,,1,DE,1,1,0,109998935.4,374840.4585,0,0,109454781.5,24739470.26,24597805.64,66,24582
58509991,0.89,129,29002419,58509991,0,1367186377,30,0,1,,,1,,1,,1,DE,1,1,1,580666124.1,1864689.911,0,1,576519979.5,123069534.1,122054077.5,66,24587
121895,0.9972,129,64164,121895,0,43140111073,30,0,1,,,1,,1,,1,DE,1,1,1,32185037407,131735441.6,1,0,32098572714,8694539148,8666388607,66,24600
69703260,0.8428,129,11611945,69703260,1,3264170.561,30,0,1,,,1,0,0,,1,DE,1,1,0,15224471.33,93044.54652,0,0,14408348.5,6140940.07,5791965.44,66,246679
1693908,0.1229,129,983811,1693908,0,1030052183,30,0,1,,,1,,1,,1,DE,1,1,1,442444515.2,1100707.04,0,0,441147144.2,72646664.61,72180627.86,66,24687
125790,0.16,129,65513,125790,0,95151389.24,30,0,1,,,1,,1,,1,DE,1,1,0,7312395,40448.63636,0,0,6874421,2669610,2534665,66,24724
125797,0.8,129,65514,125797,0,405571860,30,0,1,,,1,,1,,1,DE,1,1,0,70311700,408547.2273,0,0,68236784,26964117,26368425,66,24724
125842,1,129,65525,125842,0,555217210.5,30,0,1,,,1,,1,,1,DE,1,1,1,440023665.3,1367744.704,0,0,434961298.7,90271150.44,89337570.47,66,24790
126159,0.4784,129,65795,126159,0,1491505828,30,0,0,,,1,,1,,1,DE,1,1,1,749584102.8,2900620.998,0,1,747550429.4,191440985.9,190983377.2,66,24895
7834244,0.7127,129,4224054,7834244,0,22619132.23,30,0,1,,,1,0,0,1,0,DE,1,1,0,2099662.89,19346.94333,0,0,1903829.25,1276898.26,1127479.12,66,24954
127343,1,129,66349,127343,0,190539084.1,30,0,1,,,1,,1,,1,DE,1,1,0,147228255,362682.6005,0,0,144989898.7,23937051.63,23614104.41,66,24969
127352,0.49,129,66350,127352,0,3564943860,30,0,1,,,1,,1,,1,DE,1,1,1,2058728590,6613562.876,0,1,2056220001,436495149.8,435862145.3,66,24989
127435,0.7686,129,66411,127435,0,145153949.9,30,0,1,,,1,,1,,1,DE,1,1,0,14621551.12,45338.60152,0,0,13981231.97,2992347.7,2703377.35,66,25070
127616,0.6743,129,66462,127616,1,,93,0,0,,1,0,0,0,1,0,DE,1,1,0,0,0,0,0,0,0,0,66,25140
128323,0.2857,129,66696,128323,0,,93,0,1,,,1,0,0,1,0,DE,1,1,0,347768,1682.621212,0,0,0,111053,0,66,25225
128386,0.4088,129,66708,128386,0,19297996.07,30,0,1,,,1,0,0,1,0,DE,1,1,0,824867.82,6044.900606,0,0,806363.02,398963.44,394022.64,66,25269
128394,0.4684,129,66709,128394,0,257449788,30,0,0,,,1,,1,,1,DE,1,1,0,87238488.89,351963.3614,0,0,85752183.44,23229581.85,22628177.63,66,25272
128411,0.1098,129,66713,128411,0,9646441.88,30,0,0,,,1,,1,1,0,DE,1,1,0,1275473.49,6335.69803,0,0,999594.66,418156.07,313226.17,66,25293
43601261,0.4103,129,21682153,43601261,0,96339320.68,30,0,1,,,1,,1,,1,DE,1,1,0,10086087.98,52683.74212,0,0,9719129.57,3477126.98,3347294.16,66,25314
322108,0.1227,129,142275,322108,0,16904254.45,30,0,1,,,1,,1,,1,DE,1,1,0,911876.9,5014.748182,0,0,842207.9,330973.38,321552.46,66,25377
128481,1,129,66730,128481,0,20897175708,30,0,1,,,1,,1,,1,DE,1,1,1,12847264091,49682026.3,1,0,12822699899,3279013736,3272563076,66,25399
128495,0.8078,129,66733,128495,0,5295094789,30,0,1,,,1,,1,,1,DE,1,1,1,3305520529,11047175.93,0,1,3303922251,729113611.7,728709760.2,66,25415
128521,0.1221,129,66737,128521,0,74375355.36,30,0,1,,,1,,1,0,0,DE,1,1,0,12318789.5,24735.80606,0,0,11959629.2,1632563.2,1524154,66,25442
72038789,0.2389,129,37011855,72038789,0,14049420.47,30,0,1,,,1,0,0,1,0,DE,1,1,0,1667676.4,7518.572727,0,0,1226137.7,496225.8,442730.62,66,25615
128802,0.9982,129,66887,128802,0,968502776.3,30,0,1,,,1,,1,,1,DE,1,1,1,1025297915,5015673.36,0,0,1019573665,331034441.8,328954561.5,66,25631
10259852,0.95,129,5321256,10259852,0,486443744,30,0,1,,,1,,1,,1,DE,1,1,1,284411102,674121.1062,0,0,283640918.7,44491993.01,44383741.43,66,256884
129912,0.671,129,67247,129912,0,2273735028,30,0,1,,,1,,1,,1,DE,1,1,1,1976091820,6545898.82,0,1,1968767187,432029322.1,429616597.7,66,25760
129941,0.4997,129,67254,129941,0,,93,0,0,,,1,,1,,1,DE,1,1,0,1014359.4,3135.006061,0,0,0,206910.4,0,66,25793
103001882,0.3048,129,54539665,103001882,0,11298672.58,93,0,0,,,1,,1,1,0,DE,1,1,0,8543678.27,57759.77727,0,0,750220.5,3812145.3,750220.5,66,258357
12265645,0.3871,129,6154704,12265645,0,19392794.79,30,0,1,,,1,,1,,1,DE,1,1,0,1948673.91,10514.67045,0,0,1813992.95,693968.25,599155.75,66,26071
1381076,0.5546,129,897326,1381076,0,542593255.2,30,0,1,,,1,,1,,1,DE,1,1,1,624230888.8,919635.8721,0,0,617275550.7,60695967.56,60182222.02,66,26078
20716474,0.2469,129,9915556,20716474,0,,93,0,0,,,1,0,0,1,0,DE,1,1,0,17640.33,81.88363636,0,0,0,5404.32,0,66,26129
130179,0.3634,129,67307,130179,0,531734474.7,30,0,1,,,1,,1,,1,DE,1,1,1,280228311.6,1291382.703,0,0,278446203.2,85231258.4,84153582.4,66,26131
130215,0.2155,129,67315,130215,0,,93,0,0,,,1,0,0,1,0,DE,1,1,0,53696.98,118.9090909,0,0,0,7848,0,66,26166
4226860,1,129,2288406,4226860,0,7655248402,30,0,1,,,1,,1,,1,DE,1,1,1,12062990662,37975308.81,1,0,12019603176,2506370382,2497865651,66,26210
27590448,0.3172,129,6103659,27590448,1,,93,0,1,,,1,0,0,1,0,DE,1,1,0,423595.45,154.8718182,0,0,382080,10221.54,0,66,262577
130780,0.5324,129,67491,130780,0,52881292.61,30,0,1,,,1,,1,,1,DE,1,1,0,4045467.8,17918.36667,0,0,3946225.1,1182612.2,1155353.8,66,26321
5560482,0.6344,129,3012054,5560482,0,256719814.5,30,0,1,,,1,,1,,1,DE,1,1,0,46837562.45,208754.2924,0,0,45790491.6,13777783.3,13453519.65,66,26323
130802,0.6679,129,67495,130802,0,6316019977,30,0,1,,,1,,1,,1,DE,1,1,1,6783265227,23273968.65,0,1,6766082681,1536081931,1533253440,66,26331
22217039,0.42,129,10889901,22217039,0,28018390.29,30,0,1,,,1,,1,,1,DE,1,1,0,4073307.87,21848.25576,0,0,3922520.28,1441984.88,1403091.28,66,264060
130866,0.6385,129,67508,130866,0,4551758.793,30,0,1,,,1,0,0,1,0,DE,1,1,0,1146629.76,10905.92864,0,0,1053178.1,719791.29,674771.92,66,26459
130875,0.4485,129,67509,130875,0,3431210084,30,0,1,,,1,,1,,1,DE,1,1,1,1510160936,4496871.235,0,1,1503150775,296793501.5,296308598,66,26476
421804,0.0707,129,181240,421804,0,,93,0,0,,,1,,1,,1,DE,1,1,0,136420.9,219.0939394,0,0,0,14460.2,0,66,26512
131137,0.9959,129,67595,131137,0,11054588305,30,0,1,,,1,,1,,1,DE,1,1,1,12328605943,44404536.28,1,0,12202603553,2930699394,2910213880,66,26561
56089183,0.239,129,27972940,56089183,1,,93,0,0,,,1,,1,1,0,DE,1,1,0,9397.32,2.060606061,0,0,0,136,0,66,265838
131691,0.0769,129,67722,131691,0,61202701.82,30,0,0,,,1,,1,,1,DE,1,1,0,6164362,23288.51515,0,0,5945706.35,1537042,1395354.4,66,26605
87729194,0.1144,129,16725578,87729194,0,4681274.76,30,0,0,,,1,0,0,1,0,DE,1,1,0,169236.44,277.9966667,0,0,146840.52,18347.78,14594.62,66,26655
132199,0.302,129,67886,132199,0,550988473.2,30,0,1,,,1,,1,,1,DE,1,1,1,131608695.4,371987.5606,0,0,130501552.8,24551179,24375625.7,66,26699
134678,0.7343,129,68560,134678,0,53822361997,30,0,1,,,1,,1,,1,DE,1,1,1,41961206632,161051494.2,1,0,41818495902,10629398620,10599326855,66,26715
11465913,1,129,5947921,11465913,0,3371122172,30,0,1,,,1,,1,,1,DE,1,1,1,4915587445,15160538.96,0,1,4899636538,1000595571,997411135.2,66,26782
137764,0.8315,129,69358,137764,0,1.28575E+11,30,0,1,,,1,,1,,1,DE,1,1,1,50421393998,205007453.4,1,0,50317769009,13530491922,13498767077,66,26795
137782,0.0645,129,69361,137782,0,699219897.7,30,1,1,,,1,,1,,1,DE,1,1,0,496963657.5,1206926.432,0,0,494573612,79657144.5,79216784.5,66,26803
137787,0.6571,129,69362,137787,0,8822575734,30,0,1,,,1,,1,,1,DE,1,1,1,8239215454,32032778.39,1,0,8219812026,2114163374,2110040073,66,26803
138644,0.7316,129,69658,138644,0,177383479.4,30,0,1,,,1,,1,,1,DE,1,1,0,59403523.13,229480.4661,0,0,59131493.11,15145710.76,15040585.88,66,26870
138687,0.2852,129,69666,138687,0,168647925.4,30,0,1,,,1,,1,,1,DE,1,1,0,11591794.6,45275.06667,0,0,11223218.2,2988154.4,2951066.4,66,26905
138694,0.3478,129,69667,138694,0,86168796.49,30,0,1,,,1,,1,,1,DE,1,1,0,35321274.84,153504.1545,0,0,35018607.63,10131274.2,10069618.3,66,26922
138994,0.0686,129,69763,138994,0,,93,0,1,,,1,,1,0,0,DE,1,1,0,40764.52,503.5766667,0,0,0,33236.06,0,66,26979
359273,0.3722,129,156742,359273,0,10151982.25,30,0,1,,,1,,1,,1,DE,1,1,0,2363968.32,8400.09303,0,0,2169652.23,554406.14,517171.58,66,27008
61551274,0.0184,129,31230640,61551274,0,,93,0,0,,,1,0,0,1,0,DE,1,1,0,195663.38,2671.631818,0,0,0,176327.7,0,66,27020
12033348,0.925,129,6025614,12033348,0,379558282.7,30,0,1,,,1,,1,,1,DE,1,1,1,261461699,1432108.233,0,0,258828617,94519143.4,93656321.65,66,27039
139061,0.3014,129,69781,139061,0,39118840.83,30,0,0,,,1,,1,,1,DE,1,1,0,4692855.1,10727.62121,0,0,4598526.9,708023,677982.3,66,27060
139084,1,129,69784,139084,0,1042113375,30,1,1,,,1,,1,,1,DE,1,1,0,349080808.7,972928.0576,0,0,345963304.8,64213251.8,63765245.7,66,27073
139075,0.4171,129,69783,139075,0,1282954298,30,0,1,,,1,,1,,1,DE,1,1,1,857061462.8,2360107.011,0,1,854591576.6,155767062.7,155409628.3,66,27073
139099,0.4572,129,69788,139099,0,406182837.9,30,0,1,,,1,,1,,1,DE,1,1,1,314404678.2,998570.1844,0,0,312243226.1,65905632.17,65372932.76,66,27088
139152,0.9223,129,69796,139152,0,1.02847E+11,30,0,1,,,1,,1,,1,DE,1,1,1,48335976006,203491812.4,1,0,48197238475,13430459621,13396618601,66,27091
40184362,0.7704,129,20187666,40184362,0,15966829.31,30,0,1,,1,0,,1,,1,DE,1,1,0,5811003.94,25174.92424,0,0,5613777.28,1661545,1609284.51,66,27105
90030588,0.2444,129,46424617,90030588,0,,93,0,1,,,1,,1,,1,DE,1,1,0,1182688.5,5735.204545,0,0,0,378523.5,0,66,27110
50105861,0.0891,129,24292000,50105861,0,207763519.5,30,0,1,,,1,,1,,1,DE,1,1,0,1264640208,4407834.436,0,0,1260936326,290917072.8,290474217.8,66,27130
1654645,0.0482,129,1062687,1654645,0,99879500.26,30,0,1,,,1,,1,,1,DE,1,1,0,4782486.4,16175.41667,0,0,4627405.6,1067577.5,1011518.5,66,27221
139338,0.365,129,69849,139338,0,454298556.6,30,0,1,,,1,,1,,1,DE,1,1,1,319858791.6,1086254.317,0,0,318241245.7,71692784.92,71414155.69,66,27235
16520806,0.3775,129,8201286,16520806,0,52709457.66,30,0,0,,,1,,1,,1,DE,1,1,0,5082140.3,22888.85152,0,0,4849516.6,1510664.2,1342496.8,66,27237
20861772,0.854,129,10439246,20861772,0,14228719171,30,0,1,,,1,,1,,1,DE,1,1,1,19324941106,64925353.67,1,0,19248260479,4285073342,4267624544,66,272779
67045932,0.4668,129,34281343,67045932,0,97505784.87,30,0,1,,,1,,1,,1,DE,1,1,0,23610093.35,54141.19242,0,0,23234642.45,3573318.7,3467245.5,66,27286
140815,1,129,70295,140815,0,345853377.8,30,0,1,,,1,,1,,1,DE,1,1,1,102108604.6,412934.8758,0,0,100677508.2,27253701.8,26954781.6,66,27299
141380,0.2441,129,70446,141380,0,344047497.7,30,0,1,,,1,,1,,1,DE,1,1,1,172781436.7,599357.2394,0,0,171298065.5,39557577.8,39124119.8,66,27308
141881,0.3063,129,70581,141881,0,4174328.405,30,0,1,,,1,,1,1,0,DE,1,1,0,750459.72,1689.317121,0,0,683880.21,111494.93,107096.05,66,27322
34366557,0.5965,129,16600195,34366557,0,362329921.7,30,0,1,,,1,,1,,1,DE,1,1,1,145960020.1,540290.9917,0,0,145583893.6,35659205.45,35592653.3,66,27343
59640666,0.4101,129,29249132,59640666,0,4164191554,30,0,1,,,1,,1,,1,DE,1,1,1,2818437871,10557909.93,0,1,2816505466,696822055.3,696492887.1,66,27347
142650,0.2906,129,70807,142650,0,879997503.4,30,0,1,,,1,,1,,1,DE,1,1,1,803357934.7,2727804.57,0,0,798507138.2,180035101.6,178757078.4,66,27355
144312,0.8388,129,71206,144312,0,340725498.8,30,0,1,,,1,,1,,1,DE,1,1,1,268296590.5,700254.9047,0,0,265731075.3,46216823.71,45635868.94,66,27380
18293200,0.3783,129,7768571,18293200,0,500391028.2,30,0,1,,,1,,1,,1,LU,1,1,1,499374981.2,1408998.553,0,0,496866679.7,92993904.52,92611234.1,66,274339
147600,0.3434,129,72385,147600,0,290980716.8,30,0,1,,,1,,1,,1,DE,1,1,0,93860299.75,208733.7882,0,0,93243610.07,13776430.02,13691355.28,66,27496
147608,0.7298,129,72386,147608,0,183887153.8,30,0,1,,,1,,1,,1,DE,1,1,0,25235622.42,83956.13606,0,0,24713223.62,5541104.98,5428115.08,66,27511
4413452,0.7481,129,2393171,4413452,0,109994837.1,30,0,1,,,1,,1,,1,DE,1,1,0,18974118.8,59115.94621,0,0,18747135.85,3901652.45,3853429.45,66,27515
91104,0.2263,129,52339,91104,0,4777699.021,30,0,1,,,1,,1,,1,DE,1,1,0,370269.03,1408.899697,0,0,323184.81,92987.38,89350.38,66,27556
147642,0.4336,129,72396,147642,0,,93,0,0,,,1,0,0,1,0,DE,1,1,0,4320.06,0.273939394,0,0,0,18.08,0,66,27561
78445102,0.4622,129,40331350,78445102,0,3027519.407,30,0,1,,1,0,0,0,,1,DE,1,1,0,784790.59,2333.069394,0,0,697368.44,153982.58,141739.75,66,27567
147679,0.6431,129,72402,147679,1,,93,0,0,,1,0,0,0,1,0,DE,1,1,0,24451.74,57.83575758,0,0,0,3817.16,0,66,27591
147687,1,129,72404,147687,0,395665373.8,30,0,1,,,1,,1,,1,DE,1,1,1,385301977.2,1093068.76,0,0,381186610.9,72142538.19,71469602.22,66,27599
329643,0.183,129,145011,329643,0,294697538.7,30,0,1,,,1,,1,,1,DE,1,1,0,81082241.89,229140.6118,0,0,80638044.04,15123280.38,14908445.48,66,27659
5025465,0.1828,129,2723325,5025465,0,,93,0,0,,,1,0,0,1,0,DE,1,1,0,185387.38,155.1290909,0,0,0,10238.52,0,66,27711
148948,0.7907,129,72823,148948,0,3406586856,30,0,1,,,1,,1,,1,DE,1,1,1,5517381265,17145928.43,0,1,5485565678,1131631276,1125646384,66,27800
148959,0.2507,129,72824,148959,0,10021805.64,30,0,1,,,1,,1,1,0,DE,1,1,0,1247943.68,4815.325,0,0,1196118.84,317811.45,312929.55,66,27801
150235,0.8892,129,73251,150235,0,421138263.4,30,0,1,,,1,,1,,1,DE,1,1,0,40241656.5,96435.57045,0,0,39803134.15,6364747.65,6236175.35,66,27807
158194,0.2044,129,75852,158194,0,48285290.49,30,0,1,,,1,,1,,1,DE,1,1,0,5222416.9,14428.02121,0,0,4789618.5,952249.4,780273.9,66,27832
9084766,0.1197,129,4549711,9084766,0,,93,0,1,,,1,,1,1,0,DE,1,1,0,121946.47,1579.901515,0,0,0,104273.5,0,66,27926
18023072,0.4002,129,9048445,18023072,0,,93,0,1,,,1,0,0,1,0,DE,1,1,0,14931.28,0.977575758,0,0,0,64.52,0,66,27950
4099946,0.7564,129,2259757,4099946,0,22294542301,30,0,1,,,1,,1,,1,DE,1,1,1,13222716665,45933963.61,1,0,13177195488,3031641598,3020984203,66,27990
17530706,0.293,129,8857433,17530706,0,1530585476,30,0,1,,,1,,1,,1,DE,1,1,1,2398276637,11257953.02,0,1,2386081442,743024899.3,738952050.6,66,280299
162983,0.8841,129,77372,162983,0,220914890.5,30,0,1,,,1,,1,,1,DE,1,1,0,24990949.45,84119.43712,0,0,24105563.5,5551882.85,5316473.95,66,28073
163015,0.0965,129,77382,163015,0,3865804039,30,1,1,,,1,,1,,1,DE,1,1,0,1798307639,5104669.258,0,0,1779650594,336908171.1,332756439.8,66,28094
163052,1,129,77385,163052,0,23756817778,30,0,1,,,1,,1,,1,DE,1,1,1,36499232740,113143524.4,1,0,36326680310,7467472611,7438890808,66,28094
163120,0.4991,129,77394,163120,0,356468176.1,30,0,1,,,1,,1,,1,DE,1,1,1,89166045.35,367726.1568,0,0,88025492.35,24269926.35,24020067.85,66,28097
32678388,0.555,129,16252969,32678388,0,1284081451,30,0,1,,,1,,1,,1,DE,1,1,1,1144714972,3844485.721,0,0,1140289686,253736057.6,253071724.3,66,28120
173224,0.2303,129,81055,173224,0,335328041.3,30,0,1,,,1,0,0,,1,DE,1,1,1,56104525.04,172304.9615,0,0,55536093,11372127.46,11267045.52,66,28131
48163213,0.325,129,24309525,48163213,0,60786257.11,30,0,1,,,1,,1,,1,DE,1,1,0,10933794.24,21618.40758,0,0,10761758.2,1426814.9,1418364.08,66,28144
165813,0.0707,129,78282,165813,0,,93,0,0,,,1,,1,,1,DE,1,1,0,1112697,4073.106061,0,0,0,268825,0,66,28163
70766235,0.2164,129,36273240,70766235,0,334969.0092,30,0,1,,,1,0,0,1,0,DE,1,1,0,1005080.49,3601.202424,0,0,870573.49,237679.36,195321.84,66,28182
165919,0.0798,129,78317,165919,0,,93,0,0,,,1,,1,1,0,DE,1,1,0,291837,1212.454545,0,0,0,80022,0,66,28237
165925,0.3736,129,78318,165925,0,,93,0,0,,,1,,1,1,0,DE,1,1,0,1466581.6,4132.69697,0,0,0,272758,0,66,28237
18762064,1,129,9432441,18762064,0,4579109033,30,0,1,,,1,,1,,1,DE,1,1,1,4586029119,11350053.19,0,1,4583125829,749103510.9,748548034.3,66,283335
29305951,0.0239,129,10974465,29305951,0,8145526.828,30,0,0,,,1,0,0,1,0,DE,1,1,0,1042474.42,3169.804545,0,0,960248.34,209207.1,191143.4,66,28366
1010384,0.4378,129,635607,1010384,0,91719424.68,30,0,1,,,1,,1,,1,DE,1,1,0,20564023.7,74865.85682,0,0,20197006.6,4941146.55,4796128.75,66,28374
471197,0.4283,129,191133,471197,0,166861839.5,30,0,1,,,1,,1,,1,DE,1,1,0,119236243.5,425317.3376,0,0,117614051.9,28070944.28,27825757.55,66,28439
56089788,0.2481,129,27557124,56089788,0,8840445.943,30,0,0,,,1,,1,,1,DE,1,1,0,2721762.2,8304.282727,0,0,2685396.22,548082.66,535062.76,66,284451
172541,1,129,80772,172541,0,975611610.1,30,0,1,,,1,,1,,1,DE,1,1,1,1097836397,2953540.364,0,0,1084852166,194933664,192585050.1,66,28801
19903722,0.8344,129,10038138,19903722,0,10633455033,30,0,1,,,1,,1,,1,DE,1,1,1,17832008450,76405703.65,1,0,17736876763,5042776441,5023852317,66,28837
91186,0.9892,129,52350,91186,0,20126319339,30,0,1,,,1,,1,,1,DE,1,1,1,27437925932,91553170.21,1,0,27283458879,6042509234,6013210317,66,28851
528962,0.0737,129,216999,528962,0,145238777.3,30,0,1,,,1,,1,,1,DE,1,1,0,120465347.5,230352.2424,0,0,118618206.4,15203248,14804760.75,66,28857
20818168,0.534,129,10454080,20818168,0,2546078772,30,0,1,,,1,,1,,1,DE,1,1,1,3532870085,8926562.955,0,1,3521735902,589153155.1,587497821.5,66,288840
173259,0.1002,129,81075,173259,0,,93,0,0,,,1,0,0,,1,DE,1,1,0,201633.4,430.0757576,0,0,0,28385,0,66,28911
173913,0.6818,129,81479,173913,0,,93,0,1,,,1,0,0,1,0,DE,1,1,0,18927.62,125.6787879,0,0,0,8294.8,0,66,29023
184591,0.8499,129,85626,184591,0,8620001314,30,0,1,,,1,,1,,1,DE,1,1,1,10557631614,34347448.28,0,1,10451657375,2266931587,2247054762,66,29157
191254,1,129,88076,191254,0,1743075846,30,0,1,,,1,,1,,1,DE,1,1,1,2011203527,6330011.048,0,1,2006181721,417780729.2,416499012.4,66,29270
65270340,0.079,129,32449620,65270340,0,,93,0,0,,1,0,0,0,1,0,DE,1,1,0,0,0,0,0,0,0,0,66,293005
210258,0.4978,129,95221,210258,0,11753529177,30,0,1,,,1,,1,,1,DE,1,1,1,5686751867,19492043.76,1,0,5672084361,1286474888,1282925783,66,29323
210290,0.9789,129,95226,210290,0,87317462461,30,0,1,,,1,,1,,1,DE,1,1,1,50044028819,167968829.2,1,0,49864962039,11085942730,11046228012,66,29341
27523278,0.886,129,13708582,27523278,0,6559816318,30,0,1,,,1,,1,,1,DE,1,1,1,9048953762,29821555.37,1,0,9028876219,1968222654,1963486766,66,294675
70360014,0.6152,129,35790701,70360014,0,463229247.6,30,0,1,,,1,,1,,1,DE,1,1,1,72614853.3,78596.75379,0,0,72379581.75,5187385.75,5135458.45,66,295126
17157933,0.2114,129,8653798,17157933,0,3195876012,30,0,1,,,1,,1,,1,DE,1,1,1,1892649887,9567411.648,0,1,1888920508,631449168.8,630472684.5,66,29527
210667,0.9935,129,95360,210667,0,47746669581,30,0,1,,,1,,1,,1,DE,1,1,1,26368990461,84722626.29,1,0,26300740461,5591693335,5578155375,66,29548
99425700,0.3163,129,52011987,99425700,0,,93,0,0,,,1,,1,1,0,DE,1,1,0,15027.77,29.19666667,0,0,0,1926.98,0,66,296416
60553926,0.2841,129,29239802,60553926,0,34316628.31,30,0,1,,,1,0,0,,1,DE,1,1,0,2484792.7,6297.781818,0,0,2423730.8,415653.6,408793,66,296760
33132043,0.3828,129,16496130,33132043,0,5748515.018,30,0,1,,,1,,1,,1,DE,1,1,0,2034395.03,10526.42697,0,0,1992983.78,694744.18,685009.66,66,297587
25457254,0.2486,129,12665440,25457254,0,146871991.3,93,0,1,,,1,,1,,1,DE,1,1,0,150124142.4,25033.67515,0,0,148755085.7,1652222.56,1510756.34,66,298656
31881517,0.2449,129,13403880,31881517,1,1340741.585,30,0,0,,1,0,0,0,1,0,DE,1,1,0,61745.25,656.8977273,0,0,51755.8,43355.25,41438.05,66,302827
35139017,0.9873,129,17379592,35139017,0,4543112924,30,0,1,,,1,,1,,1,DE,1,1,1,2104124832,7575801.133,0,1,2103056173,500002874.8,499836401.1,66,305314
35386552,0.75,129,17460790,35386552,0,687574936.5,30,0,1,,,1,,1,,1,DE,1,1,1,772908570.1,2156814.421,0,0,767301760.8,142349751.8,141298816.1,66,305890
29664168,0.4409,129,14244240,29664168,0,31738354.97,30,0,0,,,1,,1,,1,FI,1,0,0,5188376.01,13987.38697,0,0,4967144.25,923167.54,865033.92,66,306257
36722418,0.5086,129,14886190,36722418,0,110687644.7,30,0,1,,,1,,1,,1,DE,1,1,0,35529550.32,98673.19576,0,0,35192058.28,6512430.92,6468405.96,66,308039
95692434,0.5654,129,49786639,95692434,1,,93,0,1,,1,0,0,0,1,0,DE,1,1,0,189406.54,65.1980303,0,0,124193.42,4303.07,0,66,311653
56461495,0.0476,129,22737393,56461495,0,12067559.56,30,0,1,,,1,0,0,,1,DE,1,1,0,141651719.6,43476.79182,0,0,139080902.8,2869468.26,2621449.62,66,312816
33074551,0.8292,129,16494829,33074551,0,66891082.11,30,0,1,,,1,,1,,1,LU,1,1,0,116761436.7,367659.5039,0,0,113584034.9,24265527.26,23940468.6,66,313891
64535272,0.2776,129,30543123,64535272,0,,93,0,0,,,1,0,0,1,0,DE,1,1,0,758588.18,6392.295455,0,0,0,421891.5,0,66,314744
35172084,0.9769,129,321402,35172084,0,9061464119,30,0,1,,,1,,1,,1,DE,1,1,1,12673108259,56482302.15,1,0,12644074812,3727831942,3719579695,66,316160
35872165,0.9064,129,17845925,35872165,0,13396392.9,30,0,0,,1,0,0,0,1,0,LU,1,1,0,5281881.81,3771.117879,0,0,4928964.93,248893.78,215709.72,66,317928
50854688,0.9465,129,23969372,50854688,0,4210744032,30,0,1,,,1,,1,,1,DE,1,1,1,5427261946,15741538.09,0,1,5419656048,1038941514,1037282261,66,318615
36424147,0.2534,129,18121932,36424147,0,71086704.8,30,0,0,,,1,,1,,1,CH,1,0,0,12604274.09,37372.87273,0,0,12067698.38,2466609.6,2377256.4,66,318847
41992875,0.0088,129,20760057,41992875,0,452022297.5,30,0,1,,,1,,1,,1,DE,1,1,0,1254608400,4440685.467,0,0,1207661133,293085240.8,272311067.3,66,320246
54441540,0.1551,129,27353067,54441540,0,985264057.2,30,0,1,,,1,,1,,1,DE,1,1,1,610717099.4,2228994.85,0,0,604249717.5,147113660.1,144660131.6,66,326567
42733170,0.8161,129,21325670,42733170,0,1810213211,30,0,1,,,1,,1,,1,NL,1,0,1,1960496508,8636173.537,0,1,1924390784,569987453.4,559838888.3,66,328166
48311029,0.3546,129,22634464,48311029,0,933829224.8,30,0,1,,,1,,1,,1,DE,1,1,1,325226465.4,883669.7021,0,0,324105570.5,58322200.34,58116916.35,66,329955
48312106,0.8816,129,22634465,48312106,0,18091285.68,30,1,1,,,1,,1,,1,DE,1,1,0,2579834.15,16910.63333,0,0,2488467.65,1116101.8,1087588.55,66,329955
92414904,0.3503,129,21914861,92414904,0,,93,0,0,,,1,,1,,1,BG,1,1,0,7324544.21,62172.98636,0,0,0,4103417.1,0,66,330022
105659729,0.1556,129,56149023,105659729,0,332936161.6,30,0,1,,,1,,1,,1,DE,1,1,0,217318878.5,624285.2909,0,0,215392589.5,41202829.2,40877114.18,66,330023
46034812,0.491,129,23064335,46034812,0,108538124.3,30,0,1,,,1,,1,,1,DE,1,1,0,64376096.32,225715.1142,0,0,63615804.36,14897197.54,14747506.22,66,330912
44748643,0.9242,129,22597225,44748643,0,39652661984,30,0,0,,,1,,1,,1,IT,1,0,0,125349383.1,419262.8641,0,0,114255050,27671349.03,24836635.16,66,33114
50444809,0.4016,129,25113211,50444809,0,14712724.68,30,0,0,,,1,,1,,1,DE,1,1,0,1439125.49,7166.147879,0,0,363534.22,472965.76,363534.22,66,336346
48023491,0.7459,129,23979078,48023491,0,7348767986,30,0,1,,,1,,1,,1,DE,1,1,1,6460258286,20082680.45,0,1,6449419363,1325456910,1322079717,66,336551
48488657,0.8497,129,24430376,48488657,0,606328670.8,30,0,1,,,1,,1,,1,DE,1,1,1,174652284.5,481414.3917,0,0,173709455.5,31773349.85,31645739.2,66,337770
53236395,0.3226,129,26640470,53236395,0,787242795.2,30,0,1,,,1,,1,,1,DE,1,1,1,351224990.2,873407.2536,0,0,349480700.9,57644878.74,57412117.08,66,338229
49724448,0.561,129,25112405,49724448,0,1247164615,30,0,1,,,1,,1,,1,LU,1,1,1,3957283420,9319519.33,0,0,3940667926,615088275.8,611069545.1,66,340356
78533035,0.7305,129,25962657,78533035,0,167991075.8,30,0,1,,,1,,1,,1,DE,1,1,0,14085938.3,31708.61061,0,0,13092995.75,2092768.3,2004717,66,340807
50936901,0.8948,129,25631519,50936901,0,1195561330,30,0,1,,,1,,1,,1,LU,1,1,1,748142522,2137086.008,0,1,744602829.2,141047676.6,140168495.2,66,341741
53745911,0.23,129,26254507,53745911,0,49483064.1,30,0,1,,,1,,1,,1,DE,1,1,0,23961816.4,67434.03939,0,0,23669015.5,4450646.6,4365539.3,66,343353
56647042,0.0975,129,28493230,56647042,0,4750113.968,30,0,1,,,1,,1,,1,DE,1,1,0,363400.5,2065.819697,0,0,292365.5,136344.1,112344.1,66,343356
54232139,0.2465,129,26965883,54232139,0,12989478001,30,0,1,,,1,,1,,1,DE,1,1,1,8743370213,34577006.16,1,0,8729930541,2282082406,2279344410,66,343965
55115398,0.3721,129,27610705,55115398,0,32517702.49,30,0,1,,,1,,1,,1,DE,1,1,0,9404273.38,30597.72424,0,0,9276706.1,2019449.8,1979586.14,66,345352
84486834,0.4958,129,39857172,84486834,0,842054037.3,30,0,1,,,1,0,0,,1,DE,1,1,1,564690437.4,1848194.477,0,0,563456324,121980835.5,121877566.2,66,350359
57492288,0.1725,129,28690841,57492288,0,1627327.529,30,0,1,,,1,,1,,1,DE,1,1,0,359418.4,848.0621212,0,0,325393.65,55972.1,46238.55,66,351293
67039068,0.1028,129,33841504,67039068,0,1001803023,30,0,1,,,1,,1,,1,DE,1,1,1,513373439.3,1419995.407,0,0,510557241.8,93719696.88,92992942.28,66,351807
59467392,0.6233,129,29937934,59467392,0,121021189.5,30,0,1,,,1,,1,,1,DE,1,1,0,39669778.1,69693.83136,0,0,39209465.83,4599792.87,4576023.9,66,354026
58569935,0.5622,129,29662819,58569935,0,162934951.7,30,0,1,,,1,,1,,1,DE,1,1,0,143351774.4,453482.9903,0,0,142950369.1,29929877.36,29816958.15,66,354307
227276,0.9572,129,99679,227276,0,,93,0,0,,,1,,1,,1,JP,0,0,0,0,0,0,0,0,0,0,66,35613
70829008,0.6513,129,31249430,70829008,0,,93,0,0,,1,0,0,0,1,0,CH,1,0,0,47245.38,214.4575758,0,0,25237.81,14154.2,3951.35,66,357916
86983709,0.3758,129,45122734,86983709,0,77243000.2,30,0,1,,,1,,1,,1,DE,1,1,0,20465438.3,78703.45303,0,0,19641576.3,5194427.9,4944312.25,66,358267
86916325,0.27,129,45067181,86916325,0,548944008.3,30,0,1,,,1,,1,,1,DE,1,1,1,352487651.6,396093.3791,0,0,350922486.1,26142163.02,26044863.82,66,359860
65778259,0.219,129,33398388,65778259,0,86575226.75,30,0,0,,,1,,1,1,0,AT,1,0,0,8573430.4,39135.20455,0,0,7926411.5,2582923.5,2437740.7,66,363678
67140887,0.4093,129,34212034,67140887,0,39887049.63,30,0,1,,,1,,1,,1,LU,1,0,0,98982799.23,131913.0682,0,0,97487384.61,8706262.5,8590227.65,66,365201
59191293,0.8647,129,29803160,59191293,0,,93,0,0,,,1,,1,,1,JP,0,0,0,772,0,0,0,0,0,0,66,36553
69454948,0.738,129,35422097,69454948,0,2251367294,30,0,1,,,1,,1,,1,DE,1,1,1,2250053905,7284098.156,0,1,2240644278,480750478.3,478843434.6,66,367996
80600953,0.6722,129,41130163,80600953,0,7297874705,30,0,1,,,1,,1,,1,DE,1,1,1,12342907286,63346877.61,1,0,12268387476,4180893922,4148563956,66,368855
95025888,0.7829,129,36599745,95025888,0,282105337.2,30,0,0,,,1,0,0,,1,AU,0,1,0,16380296.32,110736.6102,0,0,7619852.53,7308616.27,3693650.21,66,369350
85990629,0.46,129,44506711,85990629,0,99716636.52,30,0,1,,,1,,1,,1,DE,1,1,0,204360164.6,547098.6342,0,0,201850358,36108509.86,35620258.96,66,369707
224718,0.2372,129,98865,224718,0,1296935827,30,0,1,,,1,,1,,1,LU,1,0,1,534353164.6,1584668.629,0,1,518018630.3,104588129.5,101810978.4,66,37332
77801149,0.1982,129,39975038,77801149,0,60644471.3,30,0,0,,,1,0,0,,1,DE,1,1,0,5627841,11737.87879,0,0,5500873.2,774700,761761.5,66,376688
80560037,0.3734,129,41360354,80560037,0,215356565.5,30,0,1,,,1,,1,,1,DE,1,1,0,85772481.3,538965.8364,0,0,83611635.55,35571745.2,34836476.45,66,379120
80708133,0.498,129,41445537,80708133,0,1576876668,30,0,1,,,1,,1,,1,DE,1,1,1,1428910527,4141073.632,0,1,1406421198,273310859.7,270026570,66,379281
81480313,0.9019,129,41859898,81480313,1,,93,0,0,,1,0,0,0,1,0,DE,1,1,0,44794104.17,1415.050606,0,0,42121735.27,93393.34,0,66,380127
82978470,0.5362,129,42543273,82978470,0,577965664.7,30,0,1,,,1,,1,,1,DE,1,1,1,855893778.6,2585901.499,0,0,849697897.4,170669499,170115410.4,66,382100
85006389,0.4326,129,43856560,85006389,0,149748638.9,30,0,0,,,1,,1,,1,LU,1,0,0,13131535.02,30492.74348,0,0,12268394.68,2012521.07,1922972.12,66,384969
88957858,0.1959,129,44649767,88957858,0,4201331.14,30,0,1,,,1,0,0,1,0,DE,1,1,0,1294138.29,1539.151818,0,0,1270386.67,101584.02,97546.58,66,386999
86945823,0.4086,129,45121787,86945823,0,250039049.8,30,0,1,,,1,,1,,1,LU,1,0,0,33912642.57,86756.27424,0,0,33230999.78,5725914.1,5502894.65,66,388167
87457799,0.2165,129,45208779,87457799,0,477467995.9,30,0,1,,,1,,1,,1,LU,1,1,1,477047605.1,2327275.17,0,0,473472823.3,153600161.2,151516664.1,66,388345
88104491,0.2789,129,45211161,88104491,0,300040693.2,30,0,1,,,1,,1,,1,DE,1,1,0,184266481.1,572548.1132,0,0,182567015.3,37788175.47,37204730.85,66,388394
87501538,0.6419,129,45285037,87501538,0,25436339.96,30,0,1,,,1,,1,,1,DE,1,1,0,9956759.53,24333.75727,0,0,9824051.51,1606027.98,1578682.7,66,388611
90405065,0.4506,129,45735450,90405065,0,1373241509,30,0,1,,,1,,1,,1,DE,1,1,1,745125039.3,2914176.472,0,1,743259671.3,192335647.2,191946265.6,66,389784
88373529,0.6212,129,45772868,88373529,0,68352411.66,30,0,1,,,1,,1,,1,DE,1,1,0,20329006.1,38537.62621,0,0,19929829.3,2543483.33,2479924.33,66,389950
88450185,0.646,129,45882026,88450185,0,79954490.97,30,0,1,,,1,,1,,1,DE,1,1,0,43119996.31,174294.1195,0,0,42735417.41,11503411.89,11422476.57,66,390145
88503803,0.676,129,45941136,88503803,0,87665048.9,30,0,1,,,1,,1,,1,DE,1,1,0,19847992.99,45876.97697,0,0,19504623.5,3027880.48,2982202.33,66,390365
88987598,0.2213,129,46107418,88987598,0,93641205.13,30,0,0,,,1,,1,,1,LU,1,0,0,8530856.19,59998.12106,0,0,8276990.72,3959875.99,3871840.14,66,390777
91481122,0.1122,129,46128071,91481122,0,,30,0,0,,,1,0,0,1,0,LU,1,0,0,5715965.15,122.3901515,0,0,5699116.65,8077.75,8077.75,66,390881
92975190,0.6308,129,47685302,92975190,0,17332804049,30,0,1,,,1,,1,,1,DE,1,1,1,10488997821,49272652.16,1,0,10441605591,3251995042,3235317324,66,395498
99794404,0.9202,129,48294473,99794404,0,530180098.7,30,0,1,,,1,,1,,1,US,0,1,1,199750455.6,684420.6899,0,0,355263970.4,66250896.47,65568612.93,66,396872
94213601,0.2564,129,48654637,94213601,0,68788063.9,30,0,0,,,1,,1,1,0,LU,1,1,0,12526961.16,1821.344697,0,0,12493855.86,120208.75,101983.45,66,397606
109615075,0.1796,40,50165367,109615075,0,503713902.5,30,0,1,,,1,,1,,1,DE,1,1,0,416153409.8,1619273.968,0,0,405401198,106872081.9,104110813.5,40,400493
98548810,0.0001,129,51981780,98548810,0,11919.87049,30,0,0,,,1,0,0,1,0,LU,1,1,0,3213256,47401.38939,0,0,3212878.6,3128491.7,3128491.7,66,404106
101315815,1,129,53960406,101315815,0,1278097206,30,0,1,,,1,,1,,1,DE,1,1,1,442746993.5,1106906.093,0,1,442127171.1,73055802.17,72982544.37,66,409526
3545950,1,129,2025100,3545950,0,2372630861,30,0,0,,,1,,1,,1,CH,1,0,0,230061886.5,1156288.086,0,0,188831923.5,76315013.7,60685509.9,66,51688
44799723,0.9879,129,22505204,44799723,0,9296839547,30,0,1,,,1,,1,,1,NL,1,1,1,5299820005,20686536.91,1,0,5296783630,1365311436,1364427376,66,58340
761783,0.1754,129,374042,761783,0,36862878.19,30,0,0,,,1,,1,,1,CH,1,0,0,2723765.52,10928.63879,0,0,2543603.04,721290.16,656184.36,66,67377
287365,0.571,129,123352,287365,0,113591923.4,30,0,1,,,1,,1,,1,AT,1,0,0,17840650.06,65151.66288,0,0,17346058.98,4300009.75,4164628.05,66,68477
47705540,0.1268,129,23869255,47705540,0,93435401.86,30,0,0,,,1,,1,,1,LU,1,1,0,6155500,14488.57576,0,0,5928594,956246,936798,66,72481
306968,0.7405,129,131494,306968,0,76353260863,30,0,1,,,1,,1,,1,NL,1,1,1,9444994470,30992337.61,1,0,9412883413,2045494282,2037391764,66,75109
308725,0.4751,129,132251,308725,0,25030788.33,30,0,0,,,1,,1,,1,NL,1,0,0,2963743.49,9445.883333,0,0,2869827.7,623428.3,589162.3,66,75746
1689136,0.3266,129,320570,1689136,0,12938615.97,30,0,1,,,1,,1,,1,DE,1,1,0,6508389.75,11984.90273,0,0,6289272.32,791003.58,688374.24,66,94898
355871,0.1651,129,155385,355871,0,6957434.038,30,0,0,,,1,,1,1,0,DE,1,1,0,887376.3,1134.638636,0,0,861829.7,74886.15,74881.1,66,96037
1711118,0.0302,129,326676,1711118,0,9539301.116,30,0,1,,,1,,1,,1,DE,1,1,0,549154.4,1803.660606,0,0,535684.2,119041.6,114163.4,66,96600
544494,0.5222,129,222855,544494,1,,93,0,0,,1,0,0,0,1,0,DE,1,1,0,37766.49,83.50151515,0,0,0,5511.1,0,66,98968
26432374,0.1937,129,13251221,26432374,0,31338768,30,0,0,,,1,,1,,1,DE,1,1,0,4480636.5,8475.631667,0,0,4016766.81,559391.69,498634.01,66,98969
